"older","newer"
"1_0_0","1_0_1"
"1_0_1","1_0_2"
"1_0_2","1_0_3"
"1_0_3","1_0_4"
"1_0_4","1_0_5"
"1_0_5","1_0_6"
"1_0_6","1_0_7"
"1_0_7","1_0_8"
"1_0_8","1_0_9"
"1_1_0","1_1_1"
"1_1_1","1_2_0"
"1_2_0","1_2_1"
"1_2_1","1_3_0"
"1_3_0","1_3_1"
"1_3_1","1_3_2"
"1_3_2","1_3_3"
"1_3_3","1_3_4"
"1_3_4","1_3_5"
"1_3_4","1_4_0"
"1_4_0","1_4_1"
"1_4_1","1_4_2"
"1_4_2","1_4_3"
"1_4_3","1_4_4"
"1_4_4","1_4_5"
"1_4_5","1_5_0"
"1_5_0","1_5_1"
"1_5_1","1_5_2"
"1_5_2","1_5_3"
"1_5_3","1_5_4"
"1_5_3","1_6_0"
"1_6_0","1_6_1"
"1_6_1","1_6_2"
"1_6_2","1_6_3"
"1_6_3","1_6_4"
"1_6_4","1_6_5"
"1_6_5","1_6_6"
"1_6_6","1_6_7"
"1_6_7","1_6_8"
"1_6_8","1_6_9"
"1_6_3","1_7_0"
"1_7_0","1_7_1"
"1_7_1","1_7_2"
"1_7_2","1_7_3"
"1_7_3","1_7_4"
"1_7_4","1_7_5"
"1_7_5","1_7_6"
"1_7_6","1_7_7"
"1_7_2","1_8_0"
"1_8_0","1_8_1"
"1_8_1","1_8_2"
"1_8_2","1_8_3"
"1_8_3","1_8_4"
"1_8_4","1_8_5"
"1_8_5","1_8_6"
"1_8_6","1_8_7"
"1_8_7","1_8_8"
"1_8_8","1_8_9"
"1_8_9","1_8_10"
"1_8_10","1_8_11"
"1_8_11","1_8_12"
"1_8_12","1_8_13"
"1_8_13","1_8_14"
"1_8_4","1_9_0"
"1_9_0","1_9_1"
"1_9_1","1_9_2"
"1_9_2","1_9_3"
"1_9_3","1_9_4"
"1_9_4","1_9_5"
"1_9_5","1_9_6"
"1_9_6","1_9_7"
"1_9_7","1_9_8"
"1_9_8","1_9_9"
"1_9_9","1_9_10"
"1_9_10","1_9_11"
"1_9_11","1_9_12"
"1_9_12","1_9_13"
"1_9_13","1_9_14"
"1_9_14","1_9_15"
"1_9_15","1_9_16"
"1_9_16","1_9_17"
"1_9_17","1_9_18"
"1_9_18","1_9_19"
"0","1_0_0"
"1_0_9","1_1_0"
"1_9_2","2_0_0"
"2_0_0","2_0_1"
"2_0_1","2_0_2"
"2_0_2","2_0_3"
"2_0_3","2_0_4"
"2_0_4","2_0_5"
"2_0_5","2_0_6"
"2_0_6","2_0_7"
"2_0_7","2_0_8"
"2_0_8","2_0_9"
"2_0_9","2_0_10"
"2_0_3","2_1_0"
"2_1_0","2_1_1"
"2_1_1","2_1_2"
"2_1_2","2_1_3"
"2_1_3","2_1_4"
"2_1_4","2_1_5"
"2_1_5","2_1_6"
"2_1_6","2_1_7"
"2_1_7","2_1_8"
"2_1_8","2_1_9"
"2_1_9","2_1_10"
"2_1_3","2_2_0"
"2_2_0","2_2_1"
"2_2_1","2_2_2"
"2_2_2","2_2_3"
"2_2_3","2_2_4"
"2_2_4","2_2_5"
"2_2_5","2_2_6"
"2_2_6","2_2_7"
"2_2_7","2_2_8"
"2_2_8","2_2_9"
"2_2_9","2_2_10"
"2_2_10","2_2_11"
"2_2_3","2_3_0"
"2_3_0","2_3_1"
"2_3_1","2_3_2"
"2_3_2","2_3_3"
"2_3_3","2_3_4"
"2_3_4","2_3_5"
"2_3_5","2_3_6"
"2_3_6","2_3_7"
"2_3_7","2_3_8"
"2_3_8","2_3_9"
"2_3_9","2_3_10"
"2_3_10","2_3_11"
"2_3_3","2_4_0"
"2_4_0","2_4_1"
"2_4_1","2_4_2"
"2_4_2","2_4_3"
"2_4_3","2_4_4"
"2_4_4","2_4_5"
"2_4_5","2_4_6"
"2_4_6","2_4_7"
"2_4_7","2_4_8"
"2_4_4","2_5_0"
"2_5_0","2_5_1"
"2_5_1","2_5_2"
"2_5_2","2_5_3"
"2_5_3","2_5_4"
"2_5_3","2_6_0"
"2_6_0","2_6_1"
