"newer","older"
"2_2_1","2_2_0"
"2_2_2","2_2_1"
"2_2_3","2_2_2"
"2_2_4","2_2_3"
"2_2_5","2_2_4"
"2_2_6","2_2_5"
"2_3_0","2_2_6"
"2_3_1","2_3_0"
"2_3_2","2_3_1"
"2_3_3","2_3_2"
"2_4_0","2_3_3"
"2_5_0","2_4_0"
"2_5_1","2_5_0"
"2_5_2","2_5_1"
"2_5_3","2_5_2"
"2_5_4","2_5_3"
"2_5_5","2_5_4"
"2_5_6","2_5_5"
"2_5_7","2_5_6"
"2_6_0","2_5_7"
"2_6_1","2_6_0"
"2_6_2","2_6_1"
"2_6_3","2_6_2"
"2_7_0","2_6_4"
"2_8_0","2_7_0"
"2_8_1","2_8_0"
"2_8_2","2_8_1"
"2_9_0","2_8_2"
"2_9_2","2_9_1"
"2_10_0","2_9_2"
"2_10_3","2_10_2"
"2_11_0","2_10_3"
"2_11_1","2_11_0"
"2_11_2","2_11_1"
"2_11_3","2_11_2"
"2_11_4","2_11_3"
"2_11_5","2_11_4"
"2_11_6","2_11_5"
"2_11_7","2_11_6"
"2_11_8","2_11_7"
"2_11_9","2_11_8"
"2_11_10","2_11_9"
"2_11_11","2_11_10"
"3_0_0","2_11_9"
"3_0_1","3_0_0"
"3_1_0","3_0_1"
"3_1_1","3_1_0"
"3_1_2","3_1_1"
"3_1_3","3_1_2"
"3_1_4","3_1_3"
"3_1_5","3_1_4"
"3_2_0","3_1_5"
"3_2_1","3_2_0"
"3_2_2","3_2_1"
"3_2_3","3_2_2"
"3_2_4","3_2_3"
"3_2_5","3_2_4"
"3_3_0","3_2_5"
"3_3_1","3_3_0"
"3_3_2","3_3_1"
"3_3_3","3_3_2"
"3_3_4","3_3_3"
"3_3_5","3_3_4"
"3_3_6","3_3_5"
"3_3_7","3_3_6"
"3_3_8","3_3_7"
"3_3_9","3_3_8"
"3_3_10","3_3_9"
"3_4_0","3_3_9"
"3_4_1","3_4_0"
"3_4_2","3_4_1"
"3_4_3","3_4_2"
"3_4_4","3_4_3"
"3_4_5","3_4_4"
"3_4_6","3_4_5"
"3_4_7","3_4_6"
"3_4_8","3_4_7"
"3_4_9","3_4_8"
"3_4_10","3_4_9"
"3_4_11","3_4_10"
"3_5_0","3_4_9"
"3_5_1","3_5_0"
"3_5_2","3_5_1"
"3_5_3","3_5_2"
"3_5_4","3_5_3"
"3_5_5","3_5_4"
"3_5_6","3_5_5"
"3_5_7","3_5_6"
"3_5_8","3_5_7"
"4_0_0","3_5_8"
"4_0_1","4_0_0"
"4_0_2","4_0_1"
"4_0_3","4_0_2"
"4_0_4","4_0_3"
"4_0_5","4_0_4"
"4_0_6","4_0_5"
"4_0_7","4_0_6"
"4_0_8","4_0_7"
"4_0_9","4_0_8"
"2_9_1","2_9_0"
"2_10_1","2_10_0"
"2_10_2","2_10_1"
"2_2_0","1"
"2_6_4","2_6_3"
